Date,Pluckers,Field Wght,Factory W,Variance,Average,Rainfall,Running totals
13.05.2019,27,847,950,103,35,6.9,950
14.05.2019,27,889,970,36,81,0,1920
15.05.2019,15,521,570,49,38,0,2490
16.05.2019,15,314,360,26,24,0,69
17.05.2019,-,-,-,-,-,0,-
18.05.2019,-,-,-,-,-,0,-
19.05.2019,-,-,-,-,-,0,-
20.05.2019,-,-,-,-,-,0,-
21.05.2019,-,-,-,-,-,0,-
22.05.2019,-,-,-,-,-,0,-
23.05.2019,10,-,-,-,-,10,945
24.05.2019,-,-,-,-,-,0,-
25.05.2019,-,-,-,-,-,0,-
26.05.2019,-,-,-,-,-,0,-
27.05.2019,31,1234,1330,96,43,0,4180
28.05.2019,31,2018,2100,82,68,0,6280
29.05.2019,34,2005,2070,65,61,0,8350
30.05.2019,30,1773,1870,97,62,0,10220
31.05.2019,18,199,1260,61,70,0,11480
,,,,,,,
,,,,,,,
,,,,,,,
Date,Pluckers,Field Wght,Factory W,Variance,Average,Rainfall,Running totals
3/6/2019,57,3835,416,325,73,300,4160
4/6/2019,52,2567,2770,203,53,7.1,69360
5/6/2019,48,100,,,,6.1,100
6/6/2019,27,826,910,84,34,0,7840
,26,48,,,,,148
10/6/2019,13,588,640,52,49,0,8480
11/6/2019,39,2219,2370,151,61,1.8,10850
12/6/2019,40,2763,2910,147,73,0,13760
13/6/2019,36,2919,3060,141,85,0,16820
14/6/2019,39,3046,3320,274,85,0,20140
15/6/2019,38,3193,3460,267,91,0,23600
17/6/2019,48,2234,2630,396,55,0,26320
18/6/2019,17,764,820,56,48,0,27050
19/6/2019,26,698,780,91,30,0,27830
20/6/2019,46,2386,2630,244,57,0,30460
21/6/2019,46,56,12,,,0,320
22/6/2019,36,1972,2100,128,58,1.9,32560
24/6/2019,27,1328,1400,72,52,0,33960
25/6/2019,33,1630,1740,110,53,1,35680
26/6/2019,38,1483,1640,157,43,0,37320
27/6/2019,36,1800,1950,150,54,1,39270
28/6/2019,33,1043,1150,107,35,0,40420
29/6/2019,39,1284,1450,166,37,0,41870
30/6/2019,31,55,,,,0,375
,,,,,,,
,,,,,,,
,,,,,,,
,,,,,,,
Date,Pluckers,Field Wght,Factory W,Variance,Average,Rainfall,Running totals
1.07.2019,-,-,-,-,-,0,-
2.07.2019,-,-,-,-,-,0,-
3.07.2019,45,1386,1570,184,35,0,1570
4.07.2019,37,1511,1480,-31,40,0,3050
5.07.2019,36,970,1090,120,30,0,4140
6.07.2019,36,1102,1200,98,33,0,5340
7.07.2019,-,-,-,-,-,0,-
8.07.2019,32,1205,1330,125,42,0,6670
9.07.2019,30,969,1070,101,36,0,7740
10.07.2019,29,1304,1400,96,48,0,9140
11.07.2019,31,1017,1130,113,36,0,10270
12.07.2019,33,1169,1300,131,39,0,11570
13.07.2019,31,1283,1410,127,45,0,12980
14.07.2019,-,-,-,-,-,0,-
15.07.2019,36,1868,2000,132,56,0,14980
16.07.2019,34,2312,2460,148,72,0,17440
17.07.2019,32,1738,1830,92,57,0,19270
18.07.2019,23,614,680,66,30,0,19950
19.07.2019,29,873,950,77,33,0,20900
20.07.2019,30,533,620,87,21,0,21520
21.07.2019,-,-,-,-,-,0,-
22.07.2019,28,779,890,111,32,0,22410
23.07.2019,30,859,960,101,32,0,23370
24.07.2019,30,636,750,114,25,0,24120
25.07.2019,-,-,-,-,-,-,-
26.07.2019,29,645,760,115,26,0,24880
27.07.2019,22,312,340,28,15,0,2522
28.07.2019,-,-,-,-,-,0,-
29.07.2019,32,559,670,11,21,0,25890
30.07.2019,34,606,730,124,21,3,26620
31.07.2019,26,774,840,66,32,6,27460
,,,,,,,
,,,,,,,
,,,,,,,
,,,,,,,
Date,Pluckers,Field Wght,Factory W,Variance,Average,Rainfall,Running totals
1/8/2019,28,1056,1140,84,41,0,1140
2/8/2019,30,809,910,101,30,0,2050
5/8/2019,15,8,0,0,0,0,428
6/8/2019,36,930,1080,150,30,0,3130
7/8/2019,32,817,900,83,28,1.7,4030
8/8/2019,31,634,700,66,23,0,4730
9/8/2019,26,883,970,87,37,0,5700
10/8/2019,26,727,850,123,27,0,6550
13/8/2019,46,1113,1290,177,28,0,7840
14/8/2019,38,809,940,131,25,0,8780
15/8/2019,45,2293,2400,107,53,0,11180
16/8/2019,49,1769,1970,262,40,0,13150
17/8/2019,37,580,730,150,18,0,13880
19/8/2019,47,1614,1770,156,38,0,15650
20/8/2019,39,881,1030,149,26,0,16680
21/8/2019,35,519,620,101,18,0,17300
22/8/2019,37,987,1100,113,30,0,18400
23/8/2019,38,1134,1250,116,33,0,19650
24/8/2019,25,746,830,84,33,1,20480
26/8/2019,45,932,1090,158,24,0,21570
27/8/2019,43,1171,1200,29,28,0,22770
28/8/2019,46,1598,1810,212,39,26,24580
31/8/2019,42,716,860,144,20,14,28940
,,,,,,,
,,,,,,,
,,,,,,,
,,,,,,,
Date,Pluckers,Field Wght,Factory W,Variance,Average,Rainfall,Running totals
1.09.2019,-,-,-,-,-,1.3,-
2.09.2019,39,2107,2335,228,60,0,2335
3.09.2019,50,1871,2070,199,41,0,4405
4.09.2019,33,1128,1250,122,38,0,5655
5.09.2019,32,1633,1750,133,47,0,7405
6.09.2019,49,1617,1825,208,37,0,9230
7.09.2019,48,1353,1560,207,33,1,10790
8.09.2019,-,-,-,-,-,0,-
9.09.2019,46,1336,1480,144,32,0,12270
10.09.2019,36,1837,2000,163,55,3,14270
11.09.2019,41,1935,2085,150,51,0,16355
12.09.2019,50,1637,1845,208,37,0,18200
13.09.2019,38,1068,1190,122,31,0,19390
14.09.2019,34,1032,1150,118,34,0,20540
15.09.2019,-,-,-,-,-,0,-
16.09.2019,42,1855,2015,160,48,0,22555
17.09.2019,50,1951,2140,184,43,0,24695
18.09.2019,44,924,1105,181,22,6,25800
19.09.2019,49,1362,1590,228,32,0,27390
20.09.2019,42,1276,1480,204,35,0,28870
21.09.2019,40,1062,1160,98,29,0,30030
22.09.2019,-,-,-,-,-,0,-
23.09.2019,47,1292,1490,198,32,0,31520
24.09.2019,53,1595,1830,235,35,0,33350
25.09.2019,45,1185,1355,170,30,0,34705
26.09.2019,52,2565,2720,155,52,26.4,37425
27.09.2019,54,2752,2950,198,55,0,40375
28.09.2019,49,2135,2330,195,47,0,42705
29.09.2019,-,-,-,-,-,0,-
30.09.2019,56,2345,2610,265,47,0,45315
,,,,,,,
,,,,,,,
,,,,,,,
,,,,,,,
Date,Pluckers,Field Wght,Factory W,Variance,Average,Rainfall,Running totals
1/10/2019,44,2453,2800,347,64,0,2800
2/10/2019,46,1751,1965,214,43,1.8,4765
3/10/2019,46,1713,1950,237,42,1,6715
4/10/2019,36,1178,1320,147,37,2,8035
5/10/2019,31,964,1095,131,35,0,9130
6/10/2019,0,,0,0,0,7.1,0
7/10/2019,41,1497,1680,183,41,0,10810
8/10/2019,43,1860,2015,155,47,0,12825
9/10/2019,47,2097,2280,183,49,5.1,15105
10/10/2019,38,2248,2420,172,0,12.2,17525
11/10/2019,41,2118,2320,202,12,57,19845
12/10/2019,42,1855,2050,195,49,4,21895
13/10/2019,0,,0,0,0,7,0
14/10/2019,30,1441,1640,199,55,1,23535
15/10/2019,39,1938,2100,162,54,1.8,25635
16/10/2019,31,1565,1710,145,55,1,27345
17/10/2019,48,2213,2410,197,50,12.8,29755
18/10/2019,49,1992,2220,228,45,46.2,31975
19/10/2019,21,1070,1190,111,57,2.8,33165
20/10/2019,0,0,0,0,0,1.3,0
21/10/2019,36,2112,2285,173,63,6,35450
22/20/2019,44,3018,3355,337,76,5.8,38805
23/10/2019,0,1918,2075,157,0,11.8,40880
24/10/2019,44,2087,2250,163,51,0,43130
25/10/2019,41,2034,2245,211,55,2.8,45375
26/10/2019,44,1737,1890,153,43,7.4,47265
28/10/2019,44,2981,3195,214,73,7.6,50460
29/10/2019,41,2038,2215,177,54,4,52675
30/10/2019,50,3319,3640,321,73,2,56315
31/10/2019,59,4285,4715,430,80,0,61030
,,,,,,,
,,,,,,,
,,,,,,,
,,,,,,,
Date,Pluckers,Field Wght,Factory W,Variance,Average,Rainfall,Running totals
1.11.2019,51,1866,2080,214,41,0,2080
2.11.2019,50,1496,1715,219,34,1,3795
3.11.2019,-,-,-,-,-,13.6,-
4.11.2019,45,1886,2050,164,46,0,5845
5.11.2019,45,1568,1750,182,39,0,7595
6.11.2019,50,1619,1780,161,36,0,9375
7.11.2019,49,1426,1735,309,29,0,11110
8.11.2019,45,1471,1625,214,0,32,1279
9.11.2019,40,1773,1940,167,48,0,14735
10.11.2019,-,-,-,-,-,-,-
11.11.2019,42,2573,2940,367,70,2.6,17675
12.11.2019,52,3294,3653,361,70,11.8,21330
13.11.2019,49,3181,356,379,73,7,24890
14.11.2019,44,3652,3985,333,91,2.6,28875
15.11.2019,42,3533,3855,322,92,0,32730
16.11.2019,40,2200,2350,150,59,0,35080
17.11.2019,-,-,-,-,-,0,-
18.11.2019,42,1810,1970,160,47,0,37050
19.11.2019,52,2094,2290,194,44,5.6,39340
20.11.2019,42,2257,2430,173,58,0,41770
21.11.2019,48,2940,3275,335,68,10.4,45045
22.11.2019,45,1819,2050,231,46,9.6,47095
23.11.2019,37,1003,1175,172,32,0,48270
24.11.2019,-,-,-,-,-,56.2,-
25.11.2019,12,44,2334,2565,231,58,50835
26.11.2019,45,3112,3445,333,77,12,54280
27.11.2019,34,2864,3170,306,93,12.2,57540
28.11.2019,42,2646,2945,299,70,11.2,60395
29.11.2019,42,2549,2885,336,66,2.6,63280
30.11.2019,40,1205,1380,175,35,37.6,64660
,,,,,,,
,,,,,,,
,,,,,,,
,,,,,,,
Date,Pluckers,Field Wght,Factory W,Variance,Average,Rainfall,Running totals
1/12/2019,0,0,0,0,0,20.4,0
2/12/2019,44,2649,2915,266,66,31.4,2915
3/12/2019,41,1757,1980,223,48,53.4,4895
4/12/2019,38,1414,1480,66,39,9,6375
5/12/2019,28,997,1100,103,39,22,7475
6/12/2019,28,1305,1420,115,51,0,8895
7/12/2019,28,1074,1180,106,42,42.2,10075
8/12/2019,43,1924,2120,196,49,25.6,12195
9/12/2019,37,1529,1705,176,46,1.4,13724
10/12/2019,38,2250,2440,190,64,9.6,16164
11/12/2019,39,2192,2545,353,65,0,18709
12/12/2019,,,PUBLIC HOLIDAY,,,,
13/12/2019,46,2128,2520,392,55,0,21229
14/12/2019,45,1513,1745,232,39,5.8,22974
15.12.2019,49,2326,2540,214,52,0,25514
16.12.2019,46,2561,2825,264,61,0,28339
17.12.2019,26,1092,1180,88,45,10.2,29519
18.12.2019,25,1206,1300,94,52,0,30819
19.12.2019,21,1035,1100,65,52,0,31919
20.12.2019,36,1705,1860,155,52,7.2,33779
21.12.2019,25,1056,1170,114,47,6.6,34949
22.12.2019,48,2404,2615,211,54,23.2,37564
23.12.2019,25,1635,1755,120,70,1,39319
24.12.2019,28,1707,1840,133,66,-,41159
25.12.2019,-,-,-,-,-,-,-
26.12.2019,-,-,-,-,-,2.8,-
27.12.2019,53,2905,3265,360,62,3,44424
28.12.2019,46,2898,3265,217,58,0,47689
29.12.2019,57,3183,3400,217,45,13.6,51089
30.12.2019,56,3556,3920,364,70,0,55009
31.12.2019,-,-,-,-,-,-,-
TOTAL,,996,49775,55009,5234,288.4,55135


Date,Pluckers,Field Wght,Factory W,Variance,Average,Rainfall,Running totals,
1.05.2021,-,-,-,-,-,0,-,
2.05.2021,-,-,-,-,-,0,-,
3.05.2021,48,2532,2840,308,59,0,2840,
4.05.2021,49,2809,3090,281,63,9.6,5930,
5.05.2021,49,2784,3070,286,63,1,9000,
6.05.2021,47,2245,2405,160,51,0,11405,
7.05.2021,47,2918,3250,332,69,28,14655,
8.05.2021,46,3066,3420,354,74,3,18075,
9.05.2021,-,-,-,-,-,1.2,-,
10.05.2021,48,3538,3890,352,81,0,21965,
11.05.2021,47,2457,2660,203,57,16,24625,
12.05.2021,47,2230,2400,170,51,1,27025,
13.05.2021,46,1324,1440,116,31,9.9,28465,
14.05.2021,-,-,-,-,-,0,-,
15.05.2021,44,2530,2750,220,62,0,31215,
16.05.2021,-,-,-,-,-,0,-,
17.05.2021,48,2136,2370,234,49,0,33585,
18.05.2021,43,1855,2020,165,47,0,35605,
19.05.2021,46,1689,1890,201,41,,37495,
20.05.2021,47,2547,2850,303,61,0,40345,
21.05.2021,41,1562,1620,58,40,0,41965,
22.05.2021,47,2632,2650,18,56,0,44615,
23.05.2021,-,-,-,-,-,0,-,
24.05.2021,57,3019,3210,191,63,5.8,47825,
25.05.2021,50,3517,3700,183,74,0,51525,
26.05.2021,51,3253,3440,187,67,0,54965,
27.05.2021,49,2942,3110,168,63,0,58075,
28.05.2021,45,1883,1960,77,44,0,60035,
29.05.2021,46,1969,2060,91,45,1.2,62095,
30.05.2021,-,-,-,-,-,0,-,
31.05.2021,49,1696,1890,194,39,0,63985,
TOTAL,1131,59133,63985,4852,56,76.7,63985,
,,,,,,,,
Date,Pluckers,Field Wght,Factory W,Variance,Average,Rainfall,Running totals,
1.06.2021,-,-,-,-,-,0,-,
2.06.2021,51,2569,2780,211,58,0,2780,
3.06.2021,52,2794,2945,154,56,0,5725,
4.06.2021,50,1803,1860,57,37,0,7585,
5.06.2021,44,1637,1650,13,38,0,9235,
6.06.2021,-,-,-,-,-,0,-,
7.06.2021,49,2858,2970,112,61,0,12205,
8.06.2021,49,3049,3190,141,65,0,15395,
9.06.2021,52,2124,2200,76,42,0,17595,
10.06.2021,51,1973,2060,87,40,0,19655,
11.06.2021,47,1679,1730,51,37,0,21385,
12.06.2021,47,2566,2630,64,56,0,24015,
13.06.2021,-,-,-,-,-,0,-,
14.06.2021,46,1493,1560,67,34,0,25575,
15.06.2021,46,1552,1600,48,35,0,27175,
16.06.2021,43,1500,1550,50,36,0,28725,
17.06.2021,44,1448,1490,42,34,0,30215,
18.06.2021,38,1154,1220,66,32,0,31435,
19.06.2021,-,1156,1250,94,32,0,32685,
20.06.2021,-,-,-,-,-,0,-,
21.06.2021,46,1606,1710,104,37,0,34395,
22.06.2021,45,1172,1260,88,28,0,35655,
23.06.2021,47,1232,1290,58,27,0,36945,
24.06.2021,37,765,790,25,21,0,37735,
25.06.2021,48,2015,2180,165,45,0,39915,
26.06.2021,45,1754,1815,61,40,0,41730,
27.06.2021,-,-,-,-,-,0,-,
28.06.2021,46,1455,1540,85,33,0,43270,
29.06.2021,46,1591,1670,79,36,0,44940,
30.06.2021,42,888,960,72,23,0,45900,
TOTAL,1111,43833,45900,2067,41,0,45900,
Date,Pluckers,Field Wght,Factory W,Variance,Average,Rainfall,Running totals,
1/7/2021,42,1070,1130,80,27,0,,
2/7/2021,40,834,890,56,22,0,1130,
3/7/2021,30,710,760,50,25,0,2020,
4/7/2021,,,,,,,2780,
5/7/2021,29,860,905,45,31,0,,
6/7/2021,32,945,970,25,30,0,3685,
7/7/2021,35,1268,1310,42,37,0,4655,
8/7/2021,31,855,920,65,30,0,5965,
9/7/2021,31,858,900,42,29,0,6885,
10/7/2021,29,664,690,26,24,4.4,7785,
11/7/2021,,,,,,,8475,
12/7/2021,29,850,890,40,29,0,,
7/13/2021,28,659,670,11,24,0,9365,
7/14/2021,26,839,870,31,33,0,10035,
7/15/2021,34,1533,1530,-3,45,0,10905,
7/16/2021,31,1205,1230,25,40,0,12435,
7/17/2021,30,946,960,14,32,0,13665,
7/18/2021,,,,,,,14625,
7/19/2021,36,1716,1780,64,49,0,,
7/20/2021,,,,,,,16405,
7/21/2021,30,1657,1715,58,57,0,,
7/22/2021,33,1727,1770,54,43,0,18120,
7/23/2021,35,1816,1850,34,53,0,19890,
7/24/2021,31,899,940,41,30,0,21740,
7/25/2021,,,,,,,22680,
7/26/2021,37,1665,1740,75,47,0,,
7/27/2021,33,1574,1590,16,48,0,24420,
7/28/2021,36,1116,1210,44,34,0,26010,
7/29/2021,35,877,940,63,27,0,27220,
7/30/2021,38,1580,1610,30,42,0,28160,
7/31/2021,37,1164,1190,26,32,0,30960,
TOTAL,858,29887,30960,1073,36,6.4,,
,,,,,,,,
,,,,,,,,
Date,Pluckers,Field Wght,Factory W,Variance,Average,Rainfall,Running totals,
1/8/2021,,,,,,0,,
2/8/2021,38,1742,1785,43,47,0,1785,
3/8/2021,35,1227,1250,23,36,0,3035,
4/8/2021,36,1151,1190,29,30,0,4225,
5/8/2021,34,1090,1130,40,33,0,5355,
6/8/2021,33,980,1020,40,30,0,6375,
7/8/2021,30,909,930,21,31,0,7305,
8/8/2021,,,,,,0,,
9/8/2021,36,1216,1250,34,35,0,8555,5K
10/8/2021,31,1030,1020,-10,32,9,9575,5K
11/8/2021,34,751,800,49,24,0,10375,
12/8/2021,31,752,790,38,25,0,11165,
8/13/2021,35,1177,1240,63,35,0,12405,
8/14/2021,28,770,810,40,28,0.4,13215,
8/15/2021,,,,,,,,
8/16/2021,33,907,950,43,29,0,14165,
8/17/2021,35,762,795,33,23,0,14960,
8/18/2021,31,976,1080,104,34,0,14040,
8/19/2021,29,694,740,48,26,23,16780,
8/20/2021,23,564,610,46,27,0,17390,
8/21/2021,22,504,520,16,24,0,17910,
8/22/2021,,,,,,0,,
8/23/2021,34,1605,1625,20,48,0,19535,
8/24/2021,34,1380,1425,45,42,0,20960,
8/25/2021,35,1894,1935,41,55,0,22895,
8/26/2021,34,1669,1680,11,49,0,24575,
8/27/2021,33,1671,1705,34,52,0,26280,
8/28/2021,32,682,760,78,24,0,27040,
8/29/2021,,,,,,0,,
8/30/2021,33,1835,1840,5,56,3,28880,
8/31/2021,34,1655,1690,35,30,0,305570,
TOTAL,843,28563,30570,1997,36,35,,
,,,,,,,,
,,,,,,,,
,,,,,,,,
,,,,,,,,
,,,,,,,,
,,,,,,,,
,,,,,,,,
Date,Pluckers,Field Wght,Factory W,Variance,Average,Rainfall,Running totals,
1/9/2021,34,1915,1945,30,57,0,,
2/9/2021,35,2170,2220,50,63,0,1945,
3/9/2021,34,1697,1750,53,51,0,4165,
4/9/2021,31,1461,1480,19,47,0,5915,
5/9/2021,,,,,,0,7395,
6/9/2021,33,2288,2340,52,71,0,,
7/9/2021,34,1620,1630,10,48,0,9735,
8/9/2021,31,783,830,47,27,0,11365,
9/9/2021,31,958,1010,52,33,5,12195,
10/9/2021,33,1809,1820,11,55,0,13205,
11/9/2021,35,2168,2210,42,63,0,15025,
12/9/2021,,,,,,0,17286,
9/13/2021,34,1802,1860,58,55,0,,
9/14/2021,35,1569,1560,-9,45,0,19095,
9/15/2021,35,1452,1525,73,44,0,20655,
9/16/2021,35,1407,1420,13,41,0,22180,
9/17/2021,34,1828,1850,22,54,5,23600,
9/18/2021,,2187,2180,-7,,"2,5",25450,
9/19/2021,,,,,,,27630,
9/20/2021,47,2834,2895,61,62,0,,
9/21/2021,49,3419,3500,81,71,0,30525,
9/22/2021,44,3142,3180,38,72,0,34025,
9/23/2021,46,3408,3435,27,75,0,37205,
9/24/2021,46,3063,3120,57,68,0,40640,
9/25/2021,45,2496,2540,44,56,0,43760,
9/26/2021,,,,,,0,46300,
9/27/2021,51,3105,3200,95,63,0,,
9/28/2021,49,3005,3100,95,63,0,49500,
9/29/2021,50,2535,2560,25,51,0,52600,
9/30/2021,51,1975,1990,15,39,0,55160,
Total,983,56080,57150,1070,58,12.5,57150,
,,,,,,,,
Date,Pluckers,Field Wght,Factory W,Variance,Average,Rainfall,Running totals,
1/1/2021,,,,,,0.0,,
2/1/2021,55,2340,2560,220,47,1.8,2560,
3/1/2021,,,,,,0.0,,
4/1/2021,62,3137,3535,398,57,0.0,6095,
5/1/2021,62,2298,2560,262,41,0.0,8655,
6/1/2021,57,2494,2760,266,48,0.0,11415,
7/1/2021,57,1857,2000,143,39,0.0,13415,
8/1/2021,51,1867,2000,133,39,2.4,15415,
9/1/2021,54,1201,1385,184,26,1.2,16800,
10/1/2021,,,,,,5.0,,
11/1/2021,60,2401,2860,279,45,2.4,19480,
12/1/2021,54,1491,1690,199,34,0.0,21170,
13/1/2021,55,2058,2240,182,41,0.0,23410,
14/1/2021,53,2711,2990,279,56,0.0,26400,
15/1/2021,54,1851,2070,219,38,0.0,28470,
16/1/2021,51,1553,1750,197,34,0.0,30220,
17/1/2021,,,,,,0.0,,
18/1/2021,54,2163,2420,257,45,6.2,32640,
19/1/2021,55,2837,3240,403,59,0.0,35880,
20/1/2021,54,1950,2080,130,39,0.0,37960,
21/1/2021,50,1752,1980,228,40,0.0,39940,
22/1/2021,50,2255,2570,315,51,0.0,42510,
23/1/2021,51,1899,2090,191,41,0.0,44600,
24/1/2021,,,,,,0.0,,
25/1/2021,51,1828,1980,152,39,0.0,46580,
26/1/2021,48,1272,1385,113,29,0.0,47967,
27/1/2021,52,1578,1765,187,34,0.0,49730,
28/1/2021,51,1672,1800,128,35,0.0,51530,
29/1/2021,50,1810,1950,140,39,0.0,53480,
30/1/2021,47,1203,2265,162,48,0.0,55745,
31/1/2021,,,,,,0.0,,
,1149,50378,55745,5367,47,19.0,55745,
,,,,,,,,
,,,,,,,,
,,,,,,,,
Date,Pluckers,Field Wght,Factory W,Variance,Average,Rainfall,Running totals,
1/2/2021,53,2100,2445,345,46,0.0,,
2/2/2021,53,2127,2425,298,46,0.0,,
3/2/2021,51,2292,2475,183,49,0.0,,
4/2/2021,47,1657,1820,163,39,0.0,,
5/2/2021,46,1543,1720,177,37,0.0,,
6/2/2021,42,651,730,79,17,0.0,,
7/2/2021,,,,,,27.0,,
8/2/2021,46,1940,2240,300,49,0.0,,
9/2/2021,46,1797,1950,153,42,0.0,,
10/2/2021,44,1643,1760,117,40,0.0,,
11/2/2021,45,1607,1720,113,38,6.8,,
12/2/2021,44,1157,1280,123,29,0.0,,
13/2/2021,43,1408,1520,112,35,28.0,,
14/2/2021,,,,,,0.0,,
15/2/2021,44,1211,1260,49,29,0.0,,
16/2/2021,51,1866,2020,154,40,0.0,,
17/2/2021,51,2379,2570,19.1,50,0.0,,
18/2/2021,41,1769,1930,161,47,0.0,,
19/2/2021,47,1658,1830,172,39,0.0,,
20/2/2021,41,2083,2205,122,54,0.0,,
21/2/2021,,,,,,0.0,,
22/2/2021,50,2534,2810,276,56,12.2,,
23/2/2021,49,2257,2390,133,49,1.4,,
24/2/2021,52,2069,2270,201,44,0.0,,
25/2/2021,50,2027,2160,133,43,0.0,,
2/26/2021,46,1465,1650,185,36,0.0,,
2/27/2021,40,1436,1535,99,38,0.0,,
28/2/2021,,,,,,0.0,,
,1122,42676,46715,4039,41,75.4,,
,,,,,,,,
,,,,,,,,
,,,,,,,,
,,,,,,,,
Date,Pluckers,Field Wght,Factory W,Variance,Average,Rainfall,Running totals,
1.12.2021,40,1068,1095,27,27,0,1095,
2.12.2021,39,1455,1480,25,38,0,2575,
3.12.2021,38,1218,1235,17,33,4.4,3810,
4.12.2021,40,1120,1115,5,28,1,4925,
5.12.2021,-,-,-,-,-,,-,
6.12.2021,44,886,905,19,21,1.4,5830,
7.12.2021,44,1970,2020,50,46,2.6,7850,
8.12.2021,45,1854,1885,31,42,9.4,9735,
9.12.2021,47,2656,2680,24,57,1,12415,
10.12.2021,38,1506,1540,36,41,1.8,13955,
11.12.2021,46,2030,2055,25,45,-,16010,
12.12.2021,-,-,-,-,-,0,-,
13.12.2021,48,1684,1710,26,36,0,17720,
14.12.2021,44,1645,1620,11,37,0,19340,
15.12.2021,43,1953,2010,57,47,0,21350,
16.12.2021,41,1706,1740,34,42,0,23090,
17.12.2021,42,2036,2100,64,50,0,25190,
18.12.2021,43,2316,2360,44,55,0,27550,
19.12.2021,41,2083,2100,17,51,1.2,29650,
20.12.2021,43,2894,3030,136,70,11.2,32680,
21.12.2021,43,3832,3910,78,91,8.8,36590,
22.12.2021,45,3931,3980,49,88,3.6,40570,
23.12.2021,43,2523,2635,117,61,0,43205,
24.12.2021,39,1416,1480,64,38,0,44685,
25.12.2021,-,-,-,-,-,-,-,
26.12.2021,-,-,-,-,-,7.8,-,
27.12.2021,45,2235,2290,55,51,0,46975,
28.12.2021,48,3349,3465,116,72,0,50440,
29.12.2021,48,4825,4940,115,103,0,55380,
30.12.2021,48,2670,2740,70,57,0,58120,
31.12.2021,46,3677,2755,78,60,0,60875,
TOTAL,1171,59538,60875,1337,52,54.2,711610,
,,,,,,,,
,,,,,,,,
,,,,,,,,
Date,Pluckers,Field Wght,Factory W,Variance,Average,Rainfall,Running totals,
1/3/2021,40,1599,1705,106,42,0,1705,
2/3/2021,40,1172,1370,198,34,0,3075,
3/3/2021,41,1760,1920,160,47,0,4995,
4/3/2021,44,2781,2840,59,44,0,7835,
5/3/2021,42,1325,14790,145,35,0,9305,
6/3/2021,43,2293,2430,137,57,0,11735,
7/3/2021,0,0,0,0,0,0,0,
8/3/2021,41,1749,1830,81,45,0,13565,
9/3/2021,43,1433,1600,167,37,0,15165,
10/3/2021,40,1421,1539,109,38,0,16695,
11/3/2021,41,1418,1540,122,38,0,18235,
12/3/2021,39,1289,1350,61,35,0,19585,
13/3/2021,37,801,860,59,24,0,20445,
14/3/2021,0,0,0,0,0,0,0,
15/3/2021,41,1353,1470,117,36,3.4,21915,
16/3/2021,40,1290,1460,170,36,0,23375,
17/3/2021,45,1964,2160,196,48,0,25535,
18/3/2021,41,1918,2110,192,51,0,27645,
19/3/2021,42,1859,1990,131,47,0,29635,
20/3/2021,41,1392,1510,118,37,19.7,31145,
21/3/2021,0,0,0,0,0,0,0,
22/3/2021,40,1470,1530,60,38,0,32675,
23/3/2021,42,2062,2210,158,53,0,34885,
24/3/2021,46,1747,1880,133,41,0,36765,
25/3/2021,43,1867,1970,103,46,0,38735,
26/3/2021,42,1591,1720,129,41,0,40455,
27/3/2021,39,949,1000,51,26,0,41455,
28/3/2021,0,0,0,0,0,0,0,
29/3/2021,39,1479,1590,111,41,0,43045,
30/3/2021,37,1567,1620,53,44,0,44665,
31/3/2021,40,2512,3600,88,65,5.6,47265,
TOTAL,1109,44061,47265,3204,42,28.7,47265,
,,,,,,,,
,,,,,,,,
,,,,,,,,
Date,Pluckers,Field Wght,Factory W,Variance,Average,Rainfall,Running totals,
1/4/2021,40,2213,2330,117,58,0,2330,
2/4/2021,41,1426,1515,89,37,0,3845,
3/4/2021,39,1331,1390,59,36,0,5235,
4/4/2021,0,0,0,0,0,11,0,
5/4/2021,0,0,0,0,0,18,0,
6/4/2021,45,2037,2140,103,48,12.4,7375,
7/4/2021,45,1895,2030,135,45,10.2,9405,
8/4/2021,45,1664,1690,26,37,10.4,11095,
9/4/2021,42,2046,2200,154,52,4.4,13295,
10/4/2021,42,1498,1630,132,39,12.5,14925,
11/4/2021,0,0,0,0,0,3,0,
12/4/2021,40,2282,2490,208,62,0,17415,
13/4/2021,44,2181,2365,184,54,0,19780,
14/4/2021,43,2042,2250,208,52,31.4,22030,
15/4/2021,43,1313,1470,157,34,4,23500,
16/4/2021,40,1197,1320,123,33,0,24820,
17/4/2021,41,1491,1640,149,41,0,26460,
18/4/2021,0,0,0,0,0,0,0,
19/4/2021,39,1865,1930,65,49,4.9,28390,
20/4/2021,41,1809,1950,141,48,0,30340,
21/4/2021,42,1660,1760,100,42,22.8,32100,
22/4/2021,43,1916,2060,144,48,30,34160,
23/4/2021,44,1805,1910,105,42,1,36070,
24/4/2021,45,1807,1975,1680,44,2,38045,
25/4/2021,0,0,0,0,0,0,0,
26/4/2021,47,2074,2240,166,48,0,40285,
27/4/2021,46,1391,1450,59,32,3,41735,
28/4/2021,46,2290,2475,185,54,0,44210,
29/4/2021,46,1985,2230,245,48,0,46440,
30/4/2021,42,1245,1350,105,32,0,47790,
,1071,44463,47790,3327,45,181,47790,
,,,,,,,,
,,,,,,,,
,,,,,,,,
Date,Pluckers,Field Wght,Factory W,Variance,Average,Rainfall,Running totals,
1/10/2021,49,2057,2090,39,43,2.4,2090,
2/10/2021,49,2993,3050,57,62,0,5140,
3/10/2021,0,0,0,0,0,0,0,
4/10/2021,49,3737,3930,93,80,6.2,9070,
5/10/2021,47,2977,3040,63,65,0,12110,
6/10/2021,48,2923,3020,97,63,0,15130,
7/10/2021,45,2601,2660,59,59,0,17790,
8/10/2021,50,3265,3245,20,65,0,21035,
9/10/2021,50,2655,2730,75,55,0,23765,
10/10/2021,0,0,0,0,0,0,0,
11/10/2021,0,0,0,0,0,0,0,
12/10/2021,42,1827,1920,93,46,0,25685,
13/10/2021,47,2714,2770,56,59,0,28455,
14/10/2021,45,1941,1980,39,44,0,30435,
15/10/2021,46,2013,2030,17,44,0,32465,
16/10/2021,45,2263,2280,17,51,0,34745,
17/10/2021,36,1536,1555,19,43,0,36300,
18/10/2021,48,2013,2035,22,42,6.4,38335,
19/10/2021,45,1873,1900,27,42,8.9,40235,
20/10/2021,0,0,0,0,0,1.8,0,
21/10/2021,42,1903,1890,13,45,0,42125,
22/10/2021,39,1589,1600,11,41,0,43725,
23/10/2021,47,1592,1660,68,35,0,45385,
24/10/2021,0,0,0,0,0,0,0,
25/10/2021,42,2016,2110,94,50,0,47495,
26/10/2021,45,1897,1980,83,44,1.6,49475,
27/10/2021,44,1935,2000,65,45,0,51475,
28/10/2021,44,1844,1940,96,44,0,53415,
29/10/2021,39,1464,1470,6,38,0,54885,
30/10/2021,44,2471,2540,69,57,0,57425,
TOTAL,1127,56140,57425,1285,51,27.3,,
,,,,,,,,
,,,,,,,,
,,,,,,,,
Date,Pluckers,Field Wght,Factory W,Variance,Average,Rainfall,Running totals,
1.11.2021,39,1725,1730,5,44,0,1730,
2.11.2021,37,1331,1380,49,37,0,3110,
3.11.2021,30,1054,1040,-14,35,0,4150,
4.11.2021,25,1018,1050,32,42,0,5200,
5.11.2021,24,480,495,15,21,0,5695,
6.11.2021,24,799,790,-9,32,0,6485,
7.11.2021,-,-,-,-,-,0,-,
8.11.2021,29,1170,1175,5,40,0,7660,
9.11.2021,30,1398,1430,32,48,8.6,9090,
10.11.2021,27,1178,1190,12,44,1.4,10280,
11.11.2021,33,1508,1510,2,46,0,11790,
12.11.2021,27,2186,2210,24,60,1.6,14000,
13.11.2021,32,1588,1615,27,50,0,15615,
14.11.2021,-,-,-,-,-,0,-,
15.11.2021,30,1319,1320,1,44,11.6,16935,
16.11.2021,31,1125,1130,5,36,0,18065,
17.11.2021,34,1139,1180,41,35,0,19245,
18.11.2021,35,1032,1070,38,31,0,20315,
19.11.2021,41,1252,1310,58,32,0,21625,
20.11.2021,38,1187,1210,23,32,0,22855,
21.11.2021,-,-,-,-,-,1,-,
22.11.2021,38,931,980,49,26,0,23815,
23.11.2021,40,1863,1860,-3,47,0,25675,
24.11.2021,42,1239,1285,46,31,0,26960,
25.11.2021,42,1200,1230,30,29,0,28100,
26.11.2021,42,1336,1360,24,32,14,29550,
27.11.2021,40,998,1020,22,26,31,30570,
28.11.2021,-,-,-,-,-,3,-,
29.11.2021,42,952,950,-2,23,6,31520,
30.11.2021,41,965,960,-5,23,0,32480,
TOTAL,903,31973,32480,507,36,78,17700,


Date,Pluckers,Field Wght,Factory W,Variance,Average,Rainfall,Running totals
9/1/2022,29,660,650,-10,23,0.0,650
9/2/2022,32,636,640,4,20,0.0,1290
9/3/2022,30,427,430,3,14,0.0,1720
9/4/2022,,,,,,0.0,
9/5/2022,27,492,490,-2,18,0.0,2210
9/6/2022,34,760,770,10,22,3.6,2980
9/7/2022,33,730,720,-10,22,2.0,3700
9/8/2022,33,678,675,-3,21,0.0,4375
9/9/2022,33,632,625,-7,19,0.0,5000
9/10/2022,33,1272,1270,-2,38,0.0,6270
9/11/2022,,,,,,0.0,
9/12/2022,32,974,990,16,30,0.0,7260
9/13/2022,,,,,,0.0,
9/14/2022,35,1673,1660,-13,48,0.0,8920
9/15/2022,35,1360,1360,,39,0.0,10280
9/16/2022,33,920,910,-10,28,0.0,11190
9/17/2022,34,651,635,-16,19,0.0,11825
9/18/2022,,,,,,0.0,
9/19/2022,34,1110,1110,,33,0.0,12935
9/20/2022,35,1143,1145,2,33,0.0,14080
9/21/2022,35,1225,1220,-5,35,0.0,15300
9/22/2022,35,1735,1720,-15,50,0.0,17020
9/23/2022,36,1902,1895,-7,53,0.0,18915
9/24/2022,36,1070,1075,5,30,0.0,19990
9/25/2022,,,,,,0.0,
9/26/2022,36,1160,1170,10,33,0.0,21160
9/27/2022,35,1430,1420,-10,41,0.0,22580
9/28/2022,37,1195,1200,5,32,0.0,23780
9/29/2022,38,1440,1440,,38,0.0,25220
9/30/2022,38,1642,1640,-2,43,0.0,26560
Total,848,26917,26860,-57,32,"
 53.2",5.6
,,,,,,,
,,,,,,,
,,,,,,,
Date,Pluckers,Field Wght,Factory W,Variance,Average,Rainfall,Running totals
1/10/2022,38,1363,1365,2,36,0,1365.0
,,,,,,,
3/10/2022,37,1282,1280,2,35,0,2645.0
4/10/2022,36,726,710,16,20,0,3355.0
5/10/2022,36,1716,1700,16,47,0,5055.0
6/10/2022,37,1743,1725,18,47,0,6780.0
7/10/2022,35,1115,1100,15,32,0,7880.0
8/10/2022,34,967,965,2,28,0,8845.0
9/10/2022,0,0,0,0,0,0,0.0
10/10/2022,0,0,0,0,0,0,0.0
11/10/2022,34,1218,1220,2,36,0,10065.0
12/10/2022,35,1118,1120,2,32,0,11185.0
13/10/2022,34,902,920,18,27,0,12105.0
14/10/2022,33,888,910,22,28,0,13015.0
15/10/2022,32,1468,1490,22,46,0,14505.0
16/10/2022,0,0,0,0,0,0,0.0
17/10/2022,34,1323,1340,17,38,0,15845.0
18/10/2022,33,1448,1445,3,44,0,17290.0
19/10/2022,33,1916,1980,64,60,0,19270.0
20/10/2022,0,0,0,0,0,0,0.0
21/10/2022,32,801,800,1,25,0,20070.0
22/20/2022,31,975,990,15,0,0,21060.0
23/10/2022,0,0,0,0,0,0,0.0
24/10/2022,29,849,880,31,29,0,21940.0
25/10/2022,31,755,785,30,24,0,22725.0
26/10/2022,33,900,920,20,27,0,23645.0
27/10/2022,33,1044,1050,6,32,0,24695.0
28/10/2022,33,965,1000,35,29,0,25695.0
29/10/2022,34,879,910,31,26,0,26605.0
30/10/2022,0,0,0,0,0,0,0.0
31/10/2022,31,932,970,38,30,0,27575.0
,808,27923,27575,282,34,,
,,,,,,,
,,,,,,,
,,,,,,,
Date,Pluckers,Field Wght,Factory W,Variance,Average,Rainfall,Running totals
1.11.2022,34,725,760,35,21,13,760.0
2.11.2022,36,905,935,30,25,13,1695.0
3.11.2022,36,1155,1150,-5,32,1,2845.0
4.11.2022,34,1066,1100,34,0,0,3945.0
5.11.2022,34,1067,1105,38,31,3,5050.0
6.11.2022,-,-,-,-,-,-,-
7.11.2022,35,1378,1400,22,39,0,6450.0
8.11.2022,35,917,950,33,26,0,7400.0
9.11.2022,36,1127,1150,23,31,0,8550.0
10.11.2022,35,1114,1150,36,32,0,9700.0
11.11.2022,35,1480,1510,30,42,0,11210.0
12.11.2022,34,882,920,38,26,0,12130.0
13.11.2022,-,-,-,-,-,0,-
14.11.2022,34,812,840,28,24,3.4,12970.0
15.11.2022,34,985,1025,40,29,1.3,13995.0
16.11.2022,31,816,845,29,26,10,14840.0
17.11.2022,34,863,890,27,25,0,15730.0
18.11.2022,34,1329,1330,1,39,5.8,17060.0
19.11.2022,32,986,1025,39,31,23,18085.0
20.11.2022,-,-,-,-,-,-,-
21.11.2022,33,1087,1110,23,33,0,19195.0
22.11.2022,36,1562,1600,38,43,1,20795.0
23.11.2022,36,2388,2345,-43,66,4.3,23140.0
24.11.2022,38,3235,3270,35,85,0.5,26410.0
25.11.2022,33,1073,1100,27,33,0,27510.0
26.11.2022,35,1265,1300,35,36,0,28810.0
27.11.2022,-,-,-,-,-,0,-
28.11.2022,36,1585,1610,25,44,4.3,30420.0
29.11.2022,38,2007,2040,33,53,0,32460.0
30.11.2022,37,1827,1850,23,49,83.7,34310.0
TOTAL,905,33636,34310,674,37,51.6,17690
,,,,,,,
,,,,,,,
,,,,,,,
Date,Pluckers,Field Wght,Factory W,Variance,Average,Rainfall,Running totals
1.12.2022,39,2040,2070,30,52,0,2070.0
2.12.2022,40,2752,2790,38,69,0,4860.0
3.12.2022,39,2007,2030,23,51,1,6890.0
4.12.2022,-,-,-,-,-,8.1,-
5.12.2022,40,2144,2185,41,54,0,9075.0
7.12.2022,40,2394,2430,36,60,0,11505.0
8.12.2022,39,1877,1910,33,48,0.5,13415.0
9.12.2022,39,2820,2840,20,72,0,16255.0
10.12.2022,40,5502,5550,48,138,2.8,21805.0
11.12.2022,40,3063,3135,72,77,0,24940.0
12.12.2022,-,-,-,-,-,0,-
13.12.2022,-,-,-,-,-,5,-
14.12.2022,38,3787,3790,3,100,1,28730.0
15.12.2022,39,4378,4440,62,114,0,33170.0
16.12.2022,44,4865,4920,55,112,0,38090.0
17.12.2022,48,4925,4995,70,104,0,43085.0
18.12.2022,51,4820,4900,80,95,0,47985.0
19.12.2022,52,2161,2210,49,42,0,50195.0
20.12.2022,54,4298,4390,92,80,0,54585.0
21.12.2022,50,4176,4250,74,83,0,58835.0
21.12.2022,50,4349,4410,61,88,0,63245.0
22.12.2022,49,2546,2550,4,52,0,65795.0
23.12.2022,51,3912,3990,78,77,0,69785.0
24.12.2022,49,2209,2255,46,45,0,72040.0
25.12.2022,-,-,-,-,-,0,-
26.12.2022,-,-,-,-,-,5.3,-
27.12.2022,-,-,-,-,-,2,-
28.12.2022,50,3421,3510,89,68,0,75550.0
29.12.2022,54,5626,5680,54,104,0,81230.0
30.12.2022,54,4744,4800,56,88,0,86030.0
31.12.2022,52,2364,2495,131,45,0,88525.0
TOTAL,1141,87180,88525,1345,76,25.7,88525
Date,Pluckers,Field Wght,Factory W,Variance,Average,Rainfall,Running totals
9/1/2023,52,611,655,44,12,0,655
9/2/2023,51,842,895,53,17,0,1550
9/3/2023,,,,,,0,
9/4/2023,54,1068,1135,67,19,0,2685
9/5/2023,54,878,940,62,16,0,3625
9/6/2023,53,1066,1110,44,20,6,4735
9/7/2023,53,942,960,18,18,16.5,5695
9/8/2023,55,1026,1070,44,19,9.3,6765
9/9/2023,54,2089,2110,21,39,0,8875
9/10/2023,,,,,,0,
9/11/2023,55,1580,1630,50,29,0,10505
9/12/2023,55,920,960,40,17,28.3,11465
9/13/2023,55,1392,1420,28,25,1,12885
9/14/2023,54,1223,1250,27,23,0,14135
9/15/2023,53,1139,1170,31,21,0,15305
9/16/2023,55,1460,1490,30,27,0,16795
9/17/2023,,,,,,0,
9/18/2023,56,1737,1780,43,31,0,18575
9/19/2023,56,1797,1860,63,32,0,20435
9/20/2023,55,1677,1730,53,30,7.4,22165
9/21/2023,54,1283,1330,47,23,5.8,23495
9/22/2023,52,2155,2190,35,41,0,25685
9/23/2023,53,2503,2540,37,47,0,28225
9/24/2023,,,,,,0,
9/25/2023,52,2868,2950,82,55,1.2,31175
9/26/2023,53,2330,2400,70,44,0,33587
9/27/2023,52,2402,2480,78,46,0,36055
9/28/2023,53,2563,2630,67,48,0,38685
9/29/2023,53,2586,2690,104,49,0,41357
9/30/2023,54,2007,2040,33,37,0,43415
,,,,,,,
TOTAL,1396,42144,43415,1271,30,69.5,
,,,,,,,
,,,,,,,
Date,Pluckers,Field Wght,Factory W,Variance,Average,Rainfall,Running totals
1/10/2023,0,0,0,0,0,0,0
2/10/2023,53,1821,1925,104,34,0,1925
3/10/2023,55,2011,2060,49,37,0,3985
4/10/2023,56,2073,2090,17,37,0,6075
5/10/2023,54,2752,2770,18,51,0,8845
6/10/2023,52,1908,1930,22,36,0,10775
7/10/2023,50,1193,1220,27,24,0,11995
8/10/2023,0,0,0,0,0,0,0
9/10/2023,52,2328,2395,67,45,0,14390
10/10/2023,0,0,0,0,0,0,0
11/10/2023,53,2742,2810,68,52,0,17200
12/10/2023,52,2382,2460,78,46,0,19660
13/10/2023,53,1899,1920,21,36,0,21580
14/10/2023,53,2402,2420,18,45,4,2400
15/10/2023,0,0,0,0,0,4.2,0
16/10/2023,52,3641,3680,39,70,18.3,27680
17/10/2023,53,2445,2540,95,46,9.1,30220
18/10/2023,52,2467,2480,13,47,6.2,32700
19/10/2023,54,2388,2450,62,44,0,35150
20/10/2023,0,0,0,0,0,0,0
21/10/2023,50,2844,2930,86,57,0,38080
22/10/2023,0,0,0,0,0,0,0
23/10/2023,47,2822,2890,68,60,0,40970
24/10/2023,48,2911,2980,69,61,0,43950
25/10/2023,51,3194,3240,46,64,2,47190
26/10/2023,50,3582,3700,118,72,4.8,50890
27/10/2023,52,3273,3330,57,63,0,54220
28/10/2023,52,1851,1885,34,36,0,56105
29/10/2023,0,0,0,0,0,0,0
30/10/2023,52,3613,3650,37,69,7.6,59755
31/10/2023,52,3545,3590,45,68,7.5,63345
TOTAL,1248,62087,63345,1258,50,63.7,
,,,,,,,
,,,,,,,
,,,,,,,
Date,Pluckers,Field Wght,Factory W,Variance,Average,Rainfall,Running totals
1.11.2023,51,2991,3135,144,59,0,3135
2.11.2023,54,2444,2480,36,45,14,5615
3.11.2023,54,2149,2240,91,40,29,7855
4.11.2023,52,1600,1680,80,31,2,9535
5.11.2023,       -,       -,-,-,-,12,-
6.11.2023,40,1808,1850,42,45,11,11385
7.11.2023,50,2172,2260,81,43,10,13645
8.11.2023,49,1787,1810,23,34,3,15455
9.11.2023,50,2194,2300,106,44,0,17755
10.11.2023,49,1627,1675,48,33,10,19430
11.11.2023,48,1950,2030,80,41,1,21460
12.11.2023,        -,-,-,-,-,6,-
13.11.2023,        -,-,-,-,-,6,-
14.11.2023,48,1934,2000,66,40,3,23460
15.11.2023,46,1938,2005,67,42,4,25465
16.11.2023,49,2123,2170,47,45,3,27635
17.11.2023,48,2058,2145,87,43,5,29780
18.11.2023,48,1585,1660,75,30,6,31440
19.11.2023,         -,-,-,-,-,17,-
20.11.2023,49,2192,2245,53,45,2,33685
21.11.2023,50,3303,3430,127,66,9,37115
22.11.2023,49,1882,1930,48,38,3,39045
23.11.2023,49,2865,2920,55,58,4,41965
24.11.2023,48,1704,1660,-44,36,1,43625
25.11.2023,46,835,870,35,18,12,44495
26.11.2023,-,-,-,-,-,-,-
27.11.2023,48,1612,1690,78,34,12,46185
28.11.2023,49,1879,1930,51,38,0,48115
29.11.2023,49,1995,2050,55,41,0,50165
30.11.2023,47,1717,1760,43,37,3,51925
TOTAL,1220,,,,,,
,,,,,,,
,,,,,,,
,,,,,,,
,,,,,,,
Date,Pluckers,Field Wght,Factory W,Variance,Average,Rainfall,Running totals
12/1/2023,48,2296,2380,84,48,2380,0
12/2/2023,50,1941,1990,49,39,4370,1.6
12/3/2023,,,,,,,
12/4/2023,51,2195,2240,45,43,6610,4.6
12/5/2023,,2362,2400,38,46,9010,0
12/6/2023,52,2066,2130,64,40,11140,0
12/7/2023,50,2342,2395,53,47,13535,0
12/8/2023,50,2478,2510,32,50,16045,0
12/9/2023,50,2247,2310,63,45,18355,0
12/10/2023,,,,,,,0
12/11/2023,50,3067,3120,53,61,21475,0
12/12/2023,,,,,,,0
12/13/2023,51,2590,2655,65,51,24130,0
12/14/2023,51,3993,3520,27,57,27650,53.2
12/15/2023,50,2787,2845,56,39,30495,4.2
12/16/2023,50,2557,2610,53,51,33105,0
12/17/2023,,,,,,,
12/18/2023,51,2886,2980,94,57,36085,0
12/19/2023,51,1982,2010,28,39,38095,0
12/20/2023,51,3102,3180,78,61,41275,0
12/21/2023,50,3374,3460,81,68,44735,0
12/22/2023,49,2150,3910,92,80,48645,3.1
12/23/2023,48,2745,2190,40,45,50835,0
12/24/2023,,,,,,,
12/25/2023,,,,,,,
12/26/2023,,,,,,,
12/27/2023,42,3100,2745,90,65,53580,0
12/28/2023,47,4215,3100,63,65,56680,0
12/29/2023,47,3600,4215,69,88,60895,0
12/30/2023,47,,3600,81,75,64495,0
TOTAL,1086,64495,64495,1398,58,,37.2
,,2296,,,,,
,,,,,,,
Date,Pluckers,Field Wght,Factory W,Variance,Average,Rainfall,Running totals
1/1/2024,,,,,,9.1,
1/2/2024,47,"4057, 289",4605,59,97,4.3,"2475, 2130"
,,,,,,,
1/3/2024,47,"398, 352",3770,86,78,0,8375
1/4/2024,47,4191,4270,79,89,3.4,12645
1/5/2024,46,"284, 521",3360,22,73,7.9,15945
1/6/2024,Weeding block 10 & 5,,,,,20.4,
1/7/2024,,,,,,0,
1/8/2024,49,"583, 312, 812",3285,34,66,0,"5120, 2865"
1/9/2024,61,"915, 343, 2149",3560,103,57,0,"2370, 1190"
1/10/2024,62,"332, 1610, 1871",3920,106,62,7.2,26710
1/11/2024,64,"487, 1470, 1849",3890,84,59,2.1,30600
1/12/2024,58,"1425, 186",1680,7,29,15.6,32280
1/13/2024,61,"2314, 555",2850,19,47,4.6,35130
1/14/2024,,,,,,,
1/15/2024,65,"447, 2801",3375,127,50,0,"1965, 2311"
1/16/2024,61,"512, 1407, 1563",3610,128,57,3.2,42115
1/17/2024,62,"1350, 1792",3210,68,51,0,45325
1/18/2024,60,2722,2790,68,47,0,48115
1/19/2024,54,"2100, 423",2570,47,47,0,50685
1/20/2024,54,2290,2430,140,42,11,53115
1/21/2024,,,,,,,
1/22/2024,56,"2299, 363",2750,88,48,0,55865
1/23/2024,56,"2126, 404",2610,82,45,0,58475
1/24/2024,58,"2880, 551",2900,69,49,0,61375
1/25/2024,59,"2263, 228",2550,59,42,1,63925
1/26/2024,56,"1306, 1062, 1188",2635,79,46,0,"1425, 1210"
1/27/2024,53,"1608, 242",1870,20,35,0,68430
1/28/2024,,,,,,0,
1/29/2024,59,"1427, 986, 297",2765,55,46,0,"1165, 1600"
1/30/2024,59,"1603, 662",2150,55,36,0,"6,901,460"
1/31/2024,58,"329, 930",2590,88,43,0,75995
,,,,,,,
Date,Pluckers,Field Wght,Factory W,Variance,Average,Rainfall,Running totals
1.3.24,50,"1701,344,60",2130,25,42,0,2130
2.3.24,50,"1513, 231",1775,31,35,0,3905
3.3.24,,,,,,0,
4.3.24,52,"2248, 391",2675,36,51,0,6580
5.3.24,51,"805, 1285, 85",2205,30,43,2.4,8785
6.3.24,51,"756, 1640",2440,44,47,0,11225
7.3.24,51,1662,1700,38,33,0,12925
8.3.24,53,"406, 1538",1980,36,37,10.2,14905
9.3.24,48,1960,1970,10,41,0,16875
10.3.24,,,,,,0,
11.3.24,51,"2475, 266",2790,49,54,0,19665
12.3.24,52,"2224, 396",2660,40,50,0,22325
13.3.24,53,"506, 1725, 411",2690,48,50,4.3,25015
14.3.24,54,"687, 1700, 920",3380,73,61,0,28395
15.3.24,54,414,2185,38,40,0,30580
16.3.24,54,"1625, 287",1970,58,35,0,32550
17.3.24,,,,,,,
18.3.24,53,2084,2115,31,39,0,34665
19.3.24,53,1645,1715,70,31,0,36380
20.3.24,48,2004,2040,36,42,,38420
21.3.24,38,"196, 1151",1350,3,35,0,39770
22.3.24,46,"164, 1100",1290,22,28,0,41060
23.3.24,44,"144, 928",1095,23,25,0,42155
24.3.24,,,,,,12.4,
25.3.24,44,"185, 882, 817",1935,51,43,0,44090
26.3.24,46,"330, 1751",2110,29,45,0,46200
27.3.24,46,"319, 1271",1620,30,35,2.2,47820
28.3.24,42,"1480, 1471",1970,19,46,0,49790
29.3.24,,,,,,12.4,
30.3.24,46,"1438, 284",1770,48,37,4.5,51560
31.3.24,,,,,,0,
TOTAL,1229,50642,51560,918,41,48.4,51560
,,,,,,,
,,,,,,,
Date,Pluckers,FACTORY WEIGHT,Variance,Average,RAINFALL,Running Totals,
1/7/2024,44,1530,24,34,0,,
2/7/2024,43,1050,21,24,0,,
3/7/2024,43,1160,70,25,0,,
4/7/2024,45,1020,61,21,0,,
5/7/2024,41,960,30,23,0,,
6/7/2024,36,1130,14,31,20.4,,
7/7/2024,,,,,8.8,,
8/7/2024,42,1650,37,38,6.3,,
9/7/2024,43,1460,41,33,1.9,,
10/7/2024,44,1670,25,37,0,,
11/7/2024,43,1070,26,24,0,,
12/7/2024,43,1080,35,24,0,,
13/7/2024,36,820,44,22,0,,
17.07.2024,41,1723,1770,47,0,20340,
18.07.2024,40,1883,1920,37,0,22260,
19.07.2024,38,1024,1030,6,0,23290,
20.07.2024,37,798,845,47,0,24135,
21.07.2024,-,-,-,-,0,-,
22.07.2024,39,1045,1070,25,0,25205,
23.07.2024,39,1084,1120,36,0,26325,
24.07.2024,38,992,1000,8,0,27325,
25.07.2024,36,1323,1350,27,0,28675,
26.07.2024,38,1153,1160,7,21.3,29835,
27.07.2024,38,1666,1710,44,0,31545,
28.07.2024,-,-,-,-,0,-,
29.07.2024,39,1696,1730,34,9.1,33275,
30.07.2024,40,1598,1630,32,3,34905,
31.07.2024,41,1587,1640,53,6,36545,
TOTAL,1089,35629,36545,916,74.1,36545,
Date,Pluckers,Field Wght,Factory W,Variance,Average,Rainfall,Running totals
4.10.2024,,,,,,,
5.10.2024,,,,,,,
6.10.2024,,,,,,,
7.10.2024,42,"15,107,477",2480,22,59,0,9250
8.10.2024,42,2461,2490,24,59,0,11740
9.10.2024,42,"11,761,149",2335,10,55,0,14075
10.10.1024,42,1872,1960,88,45,0,16035
11.10.2024,40,"1,952,104",2145,89,51,0,18180
12.10.2024,37,"40,323,54,831",1280,32,34,0,19460
13.10.2024,_,_,,_,_,0,_
14.10.2024,40,"1354,25",1460,20,36,0,20920
,,,,,,,
,,,,,,,
Date,Pluckers,Factory W,Variance,Average,Rainfall,,
1.09.2024,,,,,0,,
2.09.2024,39,1920,37,48,0,,
3.09.2024,38,Rejected,,61,2,,
4.09.2024,39,1370,4,35,3.1,,
5.09.2024,34,1070,-4,32,0,,
6.09.2024,37,1310,34,34,0,,
7.09.2024,37,1280,25,34,0,,
8.09.2024,,,,,0,,
9.09.2024,36,1310,25,36,0,,
10.09.2024,42,1850,72,42,0,,
11.09.2024,43,2110,77,47,0,,
12.09.2024,41,2055,56,49,0,,
13.09.2024,42,1555,19,37,0,,
14.09.2024,42,1970,48,46,0,,
15.09.2024,,,,,,,
16.09.2024,,,,,,,
17.09.2024,,,,,,,
18.09.2024,,,,,,,
19.09.2024,42,1690,40,39,0,,
20.09.2024,41,1810,37,43,0,,
21.09.2024,41,1475,41,35,0,,
22.09.2024,,,,,0,,
23.09.2024,41,1800,27,43,0,,
24.09.2024,40,1340,20,33,0,,
25.09.2024,40,1610,23,40,0,,
26.09.2024,40,1385,28,34,0,,
27.09.2024,41,1270,37,30,0,,
28.09.2024,41,1295,2,32,0,,
29.09.2024,,,,,7.8,,
30.09.2024,38,1460,33,38,19.2,,
,,,,,,,
Date,Pluckers,Factory W,Variance,Average,Rainfall,,
01.12.2024,-,-,-,-,13,,
02.12.2024,34,1970,31,57,9,,
03.12.2024,38,2745,21,72,0,,
04.12.2024,36,1630,58,44,0,,
05.12.2024,35,1205,7,34,0,,
06.12.2024,37,2720,16,73,0,,
07.12.2024,35,1900,4,54,0,,
08.12.2024,-,-,-,-,0,,
09.12.2024,36,3055,26,84,0,,
10.12.2024,36,2365,22,65,0,,
11.12.2024,35,2075,27,59,0,,
12.12.2024,-,-,-,-,0,,
13.12.2024,37,2770,26,74,0,,
14.12.2024,37,2760,24,74,0,,
15.12.2024,-,-,-,-,-,,
16.12.2024,30,2960,42,75,0,,
17.12.2024,39,2480,63,62,0,,
18.12.2024,35,1980,66,55,3.2,,
19.12.2024,38,3330,52,86,41.2,,
20.12.2024,39,2690,190,64,2.3,,
21.12.2024,40,3520,81,86,16,,
22.12.2024,-,-,-,-,0,,
23.12.2024,42,3790,57,89,0,,
24.12.2024,40,2350,55,57,0,,
25.12.2024,-,-,-,-,0,,
26.12.2024,-,-,-,-,0,,
27.12.2024,39,3210,116,79,0,,
28.12.2024,40,3010,161,71,0,,
29.12.2024,-,-,-,-,0,,
30.12.2024,40,3350,192,79,0,,
31.12.2024,39,3050,204,73,0,,
TOTAL,866,60915,1541,69,84.7,,
,,,,,,,
,,,,,,,
,,,,,,,
,,,,,,,
Date,pluckers,Field weight,Factory weight,variance,factory,rainfall,average
1/11/2024,41,"1,447,443",1995,65,Maramba,0,46
2/11/2024,40,"1,145,478",1600,23,mabrokie,0,41
3/11/2024,_,,_,18,_,0,_
4/11/2024,40,"1779,93",1890,22,mabrokie,0,46
5/11/2024,38,"89,320,899",1330,44,mabrokie,9.3,34
6/11/2024,37,"59,60,1407",1570,26,mabrokie,1.2,41
7/11/2024,14,"18,100",1045,26,Maramba,5.9,73
8/11/2024,27,"1,081,151",rejected,_,Maramba,0,47
9/11/2024,30,"60,626",715,46,Maramba,1.2,23
10/11/2024,_,_,,_,_,13,_
11/11/2024,39,"470,434,500",1450,11,mabrokie,4.9,36
12/11/2024,40,"1,291,178,894",2190,39,mabrokie,0,55
13/11/2024,39,"116,772,873",1800,41,mabrokie,15.4,45
14/11/2024,40,"79,451,560",2395,11,Maramba,17.2,59
14/11/2024,40,9372,1880,,maramba,6.9,47
17/11/2024,0,0,0,0,0,0,0
18/11/2024,40,2213,2220,7,55,1.4,22970
19/11/2024,41,1452,1490,38,35,7.9,24460
20/11/2024,37,2030,2070,40,55,0,26530
21/11/2024,38,1417,1420,3,37,0,27950
22/11/2024,38,1520,1550,30,40,4.2,29500
23/11/2034,37,1295,1340,45,35,0,30840
24/11/2024,0,0,0,0,0,27.5,0
25/11/2024,38,2060,2080,20,54,10.1,33020
26/11/2024,37,2736,2780,44,74,2,35800
27/11/2024,37,1969,2010,41,53,6.9,37810
28/11/2024,37,2248,2300,52,61,2.1,40110
29/11/2024,37,2500,2535,35,68,25.2,42645
30/11/2024,37,1660,1695,15,45,0,44340
,,,,,,,
,,,,,,,
Date,Pluckers,Field Wght,Factory W,Variance,Average,Rainfall,Running totals
1/2/2024,58,2617,2670,53,45,0,2670
2/2/2024,58,2363,2410,47,41,0,5080
3/2/2024,56,2527,2560,33,45,0,7640
4/2/2024,0,0,0,0,0,0,0
5/2/2024,60,2902,2960,58,48,0,10600
6/2/2024,58,2074,2110,36,36,0,12710
7/2/2024,58,2115,2160,45,36,0,14870
8/2/2024,58,2369,2420,51,41,0,17290
9/2/2024,57,2166,2190,24,38,0,19480
10/2/2024,55,2019,2070,51,37,0,21550
11/2/2024,0,0,0,0,0,0,0
12/2/2024,57,3582,3640,58,63,0,25190
13/2/2024,58,2683,2760,77,48,0,27950
14/2/2024,58,2807,2840,38,48,0,36790
15/2/2024,57,2656,2730,74,47,0,33520
16/2/2024,54,2268,2320,52,42,0,35840
17/2/2024,55,2144,2175,31,39,0,38015
18/2/2024,0,0,0,0,0,0,0
19/2/2024,54,2492,2525,33,46,0,40540
20/2/2024,50,2346,2365,19,47,0,42905
21/2/2024,52,1736,1760,24,33,0,44665
22/2/2024,41,1345,1365,20,33,0,46030
23/2/2024,48,1483,1515,32,31,3.5,47545
24/2/2024,42,1539,1570,31,37,7.8,49115
25/2/2024,0,0,0,0,0,0,0
26/2/2024,51,1849,1870,21,36,1.1,50985
27/2/2024,51,2043,2080,37,40,14.2,53065
28/2/2024,52,2166,2220,54,42,0,55285
29/2/2024,52,2331,2360,29,45,0,57645
TOTAL,1350,56622,57645,,42,26.6,57645
,,,,,,,
,,,,,,,
Date,Pluckers,Field Wght,Factory W,Variance,Average,Rainfall,Running totals
1.05.2024,-,-,-,-,-,1,-
2.05.2024,48,1966,2000,34,41,19,2000
3.05.2024,50,3147,3215,68,63,18.4,5215
4.05.2024,48,2214,2210,-4,46,0,7425
5.05.2024,-,-,-,-,-,50.4,-
6.05.2024,50,3525,3590,65,71,0,11015
7.05.2024,51,2502,2860,48,55,0,13875
8.05.2024,51,2601,2670,69,51,6.3,16545
9.05.2024,50,3676,3800,124,74,0,20345
10.05.2024,45,1798,1825,27,40,2,22170
11.05.2024,45,1330,1350,20,30,0,23520
12.05.2024,-,-,-,-,-,0,-
13.05.2024,48,2132,2200,68,44,0,25720
14.05.2024,47,2364,2385,21,50,15.3,28105
15.05.2024,46,2003,2020,17,44,29.3,30125
16.05.2024,36,1231,1230,-1,34,9.4,31355
17.05.2024,47,2066,2110,44,44,0,33415
,,,,,,,
21/5/2024,49,2489,2530,41,51,8.1,39470
22/5/2024,47,1880,1930,50,40,0,41400
23/5/2024,49,2033,2120,87,41,0,43520
24/5/2024,48,2347,2410,63,49,31.3,45930
25/5/2024,49,2183,2230,47,45,66.6,48160
26/5/2024,0,0,0,0,0,0,0
27/5/2024,50,2685,2700,15,54,0,50860
28/5/2024,49,2277,2340,63,46,0,53200
29/5/2024,47,975,990,15,21,0,54190
30/5/2024,41,719,760,41,18,0,54950
31/5/2024,34,1117,1130,13,33,0,56080
TOTAL,1216,54977,56080,1103,45,262,56080
,,,,,,,
,,,,,,,
,,,,,,,
Date,Pluckers,Field Wght,Factory W,Variance,Average,Rainfall,Running totals
1.06.2024,-,-,-,-,-,7,-
2.06.2024,-,-,-,-,-,0,-
3.06.2024,25,976,995,19,39,0,995
4.06.2024,36,809,8400,31,23,6.3,1835
5.06.2024,22,685,680,-5,31,0,2515
6.06.2024,19,522,580,72,29,0,3095
7.06.2024,41,1905,1980,75,46,23,5075
8.06.2024,42,1657,1690,33,39,22,6765
9.06.2024,-,-,-,-,-,0,-
10.06.2024,45,2660,2720,60,59,0,9485
11.06.2024,47,2977,3040,63,63,0,12525
12.06.2024,47,2489,2530,41,53,0,15055
13.06.2024,46,2091,2155,64,45,0,17210
14.06.2024,48,1889,1930,41,39,0,19140
26/6/2025,447.6960784,19212.46078,22738.28431,415.0882353,46.48039216,28.64901961,55935.73529
27/6/2025,465.7867647,19992.05147,23664.22794,431.9191176,47.22794118,29.86764706,56713.05147
28/6/2025,483.877451,20771.64216,24590.17157,448.75,47.9754902,31.08627451,57490.36765
29/6/2025,501.9681373,21551.23284,25516.1152,465.5808824,48.72303922,32.30490196,58267.68382
30/6/2025,520.0588235,22330.82353,26442.05882,482.4117647,49.47058824,33.52352941,59045
TOTAL,939,40118,41035,917,43,65.5,41035
,,,,,,,
,,,,,,,
,,,,,,,
Date,Pluckers,Field Wght,Factory W,Variance,Average,Rainfall,Running totals
1/8/2024,34,,1440,31,41,0,1440
2/8/2024,39,"1,468",1510,42,38,0,2950
3/8/2024,41,"1,382",1420,38,34,0,4370
4/8/2024,0,0,0,0,0,0,0
5/8/2024,46,"2,031",2050,19,44,0,6420
6/8/2024,45,"1,731",1750,19,38,0,8170
7/8/2024,45,755,800,45,17,1,8970
8/8/2024,43,"1,655",1670,15,38,1,10640
9/8/2024,43,"1,527",1540,13,36,0,14240
10/8/2024,44,"1,961",2060,99,45,0,12700
11/8/2024,0,0,0,0,0,0,0
12/8/2024,44,"2,055",2080,25,47,0,16320
13/8/2024,41,"1,785",1850,65,44,0,18170
14/8/2024,43,,2070,86,46,0,20240
15/8/2024,41,"1,640",1680,40,40,0,21920
16/8/2024,42,"2,109",2180,71,50,0,24100
17/8/2024,39,"1,044",1075,31,27,0,25175
18/8/2024,0,0,0,0,0,0,0
19/8/2024,37,"1,389",1400,11,38,0,26575
20/8/2024,43,"1,720",1740,20,40,0,28315
21/8/2024,45,"1,968",0,0,44,0,28315
22/8/2024,45,"1,451",1480,29,32,0,29795
23/8/2024,42,"1,464",1500,36,35,0,31295
24/8/2024,42,"1,650",1690,40,39,0,32985
25/8/2024,0,0,0,0,0,0,0
26/8/2024,40,"1,500",1530,30,38,0,34515
27/8/2024,41,"1,526",1550,24,37,0,36065
28/8/2024,41,"1,247",1338,88,30,0,37400
29/8/2024,43,"1,442",1460,18,34,0,38860
30/8/2024,41,"1,347",1400,53,33,0,40260
31/8/2024,41,"1,208",1260,52,29,0,41520
,,,,,,,
,,,,,,,
Date,Pluckers,Field Wght,Factory W,Variance,Average,Rainfall,Running totals
1/4/2021,0,0,0,0,0,1.2,0
2/4/2021,48,2308,2340,32,48,0,2340
3/4/2021,51,2165,2170,5,42,1.2,4510
4/4/2021,50,2660,2740,80,53,10.1,7250
5/4/2021,49,2600,2650,50,53,29.6,9900
6/4/2021,53,2040,2045,5,38,7.4,11945
7/4/2021,0,0,0,0,0,3,0
8/4/2021,49,2151,2200,49,44,20.2,14145
9/4/2021,53,3157,3190,33,60,0,17335
10/4/2021,0,0,0,0,0,6.5,0
11/4/2021,53,3298,3380,82,62,12.3,20715
12/4/2021,53,2527,2590,63,48,8,23305
13/4/2021,50,2130,2160,30,43,5.6,25465
14/4/2021,0,0,0,0,0,18,0
15/4/2021,48,1730,1800,20,37,14.2,21863
16/4/2021,54,1751,1970,13,36,17.3,29235
17/4/2021,52,2136,2200,64,41,0,31435
18/4/2021,52,1735,1840,105,33,16.5,33275
19/4/2021,53,2563,2630,67,48,8,35905
20/4/2021,50,2074,2105,31,41,28.4,38010
21/4/2021,0,0,0,0,0,0,0
22/4/2021,50,2785,2835,50,58,51.2,40845
23/4/2021,48,2488,2560,72,52,44.3,43405
24/4/2021,48,2608,2675,67,54,0,46080
25/4/2021,47,1531,1575,44,53,12,47655
26/4/2021,50,1335,1360,25,27,8.2,49015
27/4/2021,49,1439,1470,31,29,7,50485
28/4/2021,0,0,0,0,0,13.6,0
29/4/2021,43,1933,1970,37,45,55.3,52455
30/4/2021,40,1021,1045,24,26,17.8,53500
,,,,,,,
TOTAL,1193,52415,53500,1085,44,417.7,53500
Date,Pluckers,Field Wght,Factory W,Variance,Average,Rainfall,Running totals
1.01.2025,-,-,-,-,-,0,-
2.01.2025,38,3370,3510,140,92,0,3510
3.01.2025,39,2852,2980,128,73,0,6490
4.01.2025,38,3457,3680,223,91,0,10170
5.01.2025,-,-,-,-,-,0,-
6.01.2025,38,3029,3040,11,80,0,13210
7.01.2025,40,3060,3080,20,77,0,16290
8.01.2025,40,4016,4030,14,100,0,20320
9.01.2025,41,3097,3100,3,76,0,23420
10.01.2025,38,1554,1570,16,41,0,24990
11.01.2025,41,3358,3370,12,82,0,28360
12.01.2025,32,1089,-,-,-,0,-
13.01.2025,41,3354,2370,16,57,0,30730
14.01.2025,41,2706,2660,-46,66,0,33390
15.01.2025,41,2670,2700,30,65,0,36090
16.01.2025,41,2540,2590,15,63,0,38690
17.01.2025,40,1934,1960,26,48,0,40640
18.01.2025,38,1009,1040,31,27,0,41680
19.01.2025,-,-,-,-,-,-,-
20.01.2025,36,1809,1820,11,50,0,43500
21.01.2025,33,1608,1630,22,49,0,45130
